product_id,title,assigned_leaf_id,assigned_leaf_name,assigned_leaf_path,top_level_id,top_level_name,score,top3_leaf_ids,top3_leaf_names,top3_scores,needs_review,review_reason
B08WJL94V9,"I'd Shank A Bitch for You Right in the Kidney, Best Friend, Friendship Gifts for Women, Birthday Gifts for Female, Going Away, Funny Gifts, Long Distance, Joke, Funny Candle, Scented Soy 10 oz. Candle",home_goods_decor_candles,Decorative Home Candles,Products > Home Goods > Home Decor > Decorative Home Candles,home_goods,Home Goods,0.4192,home_goods_decor_candles|home_goods_decor_vases|home_goods_decor_lighting,Decorative Home Candles|Decorative Vases|Decorative Lighting,0.4192|0.3618|0.2585,false,
B01M8O58NW,"Alka-Seltzer Original Effervescent Tablets, 36 Count",skin_care_cleansers,Cleansers,Products > Cosmetics > Skin Care > Cleansers,cosmetics,Cosmetics,0.2681,skin_care_cleansers|skin_care_moisturizers|pet_food_dry_food,Cleansers|Moisturizers|Dry Food,0.2681|0.2189|0.1638,true,low_confidence|ambiguous_top2
B082SPSVLY,"upHere GS05ARGB Addressable RGB Graphics Card GPU Brace Support Video Card Sag Holder/Holster Bracket,Built-in ARGB Strip,Adjustable Length and Height Support",cameras_memory_cards,Camera Memory Cards,Products > Electronics > Cameras > Camera Memory Cards,electronics,Electronics,0.3099,cameras_memory_cards|cameras_tripods|televisions_mounts,Camera Memory Cards|Tripods|TV Mounts,0.3099|0.3080|0.2805,true,low_confidence|ambiguous_top2
B004GBEIHU,"Custom Address Stamp, Self-Inking Monogram Address Stamp, Personalized Address Stamp",home_goods_decor_wall,Wall Decor,Products > Home Goods > Home Decor > Wall Decor,home_goods,Home Goods,0.3227,home_goods_decor_wall|home_goods_decor_wall_art|home_goods_decor_candles,Wall Decor|Wall Art|Decorative Home Candles,0.3227|0.3025|0.2613,true,low_confidence|ambiguous_top2
B07TYKJYPB,Big Girls Mustard Yellow Off Shoulder Crop Ruffle Layered Top and Skirt Set Outfit USA Size 12,kids_clothing_school_uniforms,School Uniforms,Products > Clothing > Kids Clothing > School Uniforms,clothing,Clothing,0.3759,kids_clothing_school_uniforms|mens_clothing_outerwear|womens_clothing_tops,School Uniforms|Outerwear|Women Tops,0.3759|0.3692|0.3507,true,ambiguous_top2
B09BKR5L3B,Abstract Adult Posters Porn Posters Nude Poster Naked Truth Women Sex Nudie Sexy Boobsgirl Uncensored Hot Girl posters for room aesthetic (24×36inch-No Framed),womens_clothing_tops,Women Tops,Products > Clothing > Women's Clothing > Women Tops,clothing,Clothing,0.3206,womens_clothing_tops|mens_clothing_outerwear|makeup_foundation,Women Tops|Outerwear|Foundation,0.3206|0.3016|0.2961,true,low_confidence|ambiguous_top2
B01FL5EKZY,Law & Order Complete Series Ultimate Collection Seasons 1-20,books_children_chapter_books,Chapter Books,Products > Books > Children Books > Chapter Books,books,Books,0.2279,books_children_chapter_books|books_fiction_mystery|books_fiction_thriller,Chapter Books|Mystery Books|Thrillers,0.2279|0.2065|0.2018,true,low_confidence|ambiguous_top2
B07RYKBGQM,"Ariceleo Led Fairy Lights Battery Operated, 1 Pack Mini Battery Powered Copper Wire Starry Fairy Lights for Bedroom, Christmas, Parties, Wedding, Centerpiece, Decoration (5m/16ft Cool White)",home_goods_decor_candles,Decorative Home Candles,Products > Home Goods > Home Decor > Decorative Home Candles,home_goods,Home Goods,0.522,home_goods_decor_candles|home_goods_decor_lighting|home_goods_decor_vases,Decorative Home Candles|Decorative Lighting|Decorative Vases,0.5220|0.4412|0.3889,false,
B085LBHWHG,"Owen Sewn Barrier Nylon Biohazard Laundry Bag 30""X40""",camping_gear_sleeping_bags,Sleeping Bags,Products > Outdoor Goods > Camping Gear > Sleeping Bags,outdoor_goods,Outdoor Goods,0.4621,camping_gear_sleeping_bags|camping_gear_tents|mens_clothing_outerwear,Sleeping Bags|Tents|Outerwear,0.4621|0.2870|0.2522,false,
B0823WL2HQ,Piercing Kit - WZPB 43pcs Body Piercing Kit Professional Ear Nose Piercing Kit Body Piercing Kits with Piercing Jewelry 14G 16G Piercing Needles Piercing Clamps for Ear Nose Lip Piercing,headphones_earbuds,Earbuds,Products > Electronics > Headphones > Earbuds,electronics,Electronics,0.3118,headphones_earbuds|accessories_hats|accessories_belts,Earbuds|Headwear|Belts,0.3118|0.2885|0.2882,true,low_confidence|ambiguous_top2
B07P7RPVWM,"High Sierra Loop-Backpack, School, Travel, or Work Bookbag with tablet-sleeve, Unicorn Clouds/Lavender/White, One Size",camping_gear_sleeping_bags,Sleeping Bags,Products > Outdoor Goods > Camping Gear > Sleeping Bags,outdoor_goods,Outdoor Goods,0.5364,camping_gear_sleeping_bags|sports_equipment_hiking|camping_gear_tents,Sleeping Bags|Hiking|Tents,0.5364|0.5040|0.4640,true,ambiguous_top2
B00THJAQ1I,"Big Dot of Happiness Paris, Ooh La La - Paris Themed DIY Shaped Baby Shower or Birthday Party Cut-Outs - 24 Count",toys_board_games_party_games,Party Games,Products > Toys > Board Games > Party Games,toys,Toys,0.3088,toys_board_games_party_games|home_goods_decor_vases|kids_clothing_onesies,Party Games|Decorative Vases|Baby Onesies,0.3088|0.2903|0.2832,true,low_confidence|ambiguous_top2
B00I2PTJKW,NEXT LEVEL APPAREL 6760 Lady Tri-Blend Dolman Tee Shirt - Vintage Navy44; Medium,womens_clothing_tops,Women Tops,Products > Clothing > Women's Clothing > Women Tops,clothing,Clothing,0.4666,womens_clothing_tops|mens_clothing_shirts|mens_clothing_jeans,Women Tops|Shirts|Jeans,0.4666|0.4263|0.3775,true,ambiguous_top2
B007FHDU62,"Cutter & Buck Men's Big-Tall Long Sleeve Epic Easy Care Nailshead Shirt, White, 4X-Large/Tall",mens_clothing_shirts,Shirts,Products > Clothing > Men's Clothing > Shirts,clothing,Clothing,0.411,mens_clothing_shirts|womens_clothing_tops|mens_clothing_outerwear,Shirts|Women Tops|Outerwear,0.4110|0.3812|0.3488,true,ambiguous_top2
B07F1FRMHV,"Billabong Women's Baja Sandal, Black/Cream, 8 M US",footwear_sandals,Sandals,Products > Clothing > Footwear > Sandals,clothing,Clothing,0.3262,footwear_sandals|womens_clothing_tops|footwear_boots,Sandals|Women Tops|Boots,0.3262|0.3233|0.3129,true,low_confidence|ambiguous_top2
B093DR4Q34,"Funkrin Insulated Water Bottle with Straw and 3 Handle Lids, 32oz Vacuum Stainless Steel Water Flask with Wide Mouth, Double Walled Mug Multiple Colors",camping_gear_sleeping_bags,Sleeping Bags,Products > Outdoor Goods > Camping Gear > Sleeping Bags,outdoor_goods,Outdoor Goods,0.2867,camping_gear_sleeping_bags|footwear_boots|home_goods_kitchenware_cookware,Sleeping Bags|Boots|Cookware,0.2867|0.2042|0.2022,true,low_confidence
B092VRCJ3P,Fullsheild CAT2 Anti-Static FR Welding Cap Reversible Elastic Low Crown Adjustable Size Khaki for Construction Automotive Baseball Cap Style,accessories_hats,Headwear,Products > Clothing > Fashion Accessories > Headwear,clothing,Clothing,0.4613,accessories_hats|makeup_foundation|kids_clothing_school_uniforms,Headwear|Foundation|School Uniforms,0.4613|0.2207|0.2068,false,
B07RWLSVQ5,WANDER Men's Athletic Ankle Socks 8 Pairs Thick Low Cut Socks Cushion Running Socks for Men Sport Cotton Socks 9-12 White,footwear_sandals,Sandals,Products > Clothing > Footwear > Sandals,clothing,Clothing,0.4675,footwear_sandals|footwear_sneakers|footwear_boots,Sandals|Sneakers|Boots,0.4675|0.4460|0.4449,true,ambiguous_top2
B07FSSDR2V,"Marvel Avengers Baby Boys' Bodysuit & Pants Clothing Set, The Hulk (3-6M)",kids_clothing_onesies,Baby Onesies,Products > Clothing > Kids Clothing > Baby Onesies,clothing,Clothing,0.3678,kids_clothing_onesies|kids_clothing_school_uniforms|toys_action_figure_toys_superheroes,Baby Onesies|School Uniforms|Superhero Figures,0.3678|0.3318|0.3308,true,ambiguous_top2
B084RKZ3R6,"Hot Wheels Treasure Hunt Arkham Asylum Batmobile 106/250, Dark Blue",toys_board_games_card_games,Card Games,Products > Toys > Board Games > Card Games,toys,Toys,0.2943,toys_board_games_card_games|outdoor_sports|toys_action_figure_toys_superheroes,Card Games|Adventure Sports|Superhero Figures,0.2943|0.2830|0.2585,true,low_confidence|ambiguous_top2
B00UHRQAGY,The Natural Pet Company Cat Toys Collection in Gift Box,pet_food_treats,Treats,Products > Pet Products > Pet Food > Treats,pet_products,Pet Products,0.498,pet_food_treats|pet_accessories_beds|toys_board_games_card_games,Treats|Pet Beds|Card Games,0.4980|0.4242|0.4069,false,
B07YLTLXH3,CURREN Watches Men Quartz Leather Chronograph Watch and Fashion Bracelet Set Blue Watches for Men Luxury Wristwatch Gifts (Blue),accessories_watches,Dress Watches,Products > Clothing > Fashion Accessories > Dress Watches,clothing,Clothing,0.516,accessories_watches|home_goods_kitchenware_cutlery|kids_clothing_toddler_sets,Dress Watches|Cutlery|Toddler Sets,0.5160|0.2886|0.2869,false,
B08BS113LN,Danganronpa Stickers 100pcs Cool Anime Stickers for Computers Laptop Skateboard Stickers for Kids Teens Adults Laptop Skateboard Guitar Luggage Vinyl Decal StickersQQ2412953224,toys_action_figure_toys_anime,Anime Figures,Products > Toys > Action Figure Toys > Anime Figures,toys,Toys,0.358,toys_action_figure_toys_anime|books_children_books_board_books|computers_laptops,Anime Figures|Board Books|Laptops,0.3580|0.3284|0.3148,true,ambiguous_top2
B01BPQDG62,"PneumaticPlus PPR2-N02BG-2 Miniature Air Pressure Regulator 1/4"" NPT - Gauge, Bracket, Instrument Pressure (3-30 PSI)",wheels_and_tires_tires,Tires,Products > Automotive Products > Automotive Wheels and Tires > Tires,automotive_products,Automotive Products,0.268,wheels_and_tires_tires|engine_parts_fuel_system|power_tools_drills,Tires|Fuel Components|Power Drills,0.2680|0.2028|0.2008,true,low_confidence
B07TYKL6MH,"ReachMe Womens Oversized Off The Shoulder Tops Long Sleeve Waffle Knit Shirt V Neck Pullover Sweater (Khaki,M)",womens_clothing_tops,Women Tops,Products > Clothing > Women's Clothing > Women Tops,clothing,Clothing,0.449,womens_clothing_tops|mens_clothing_outerwear|mens_clothing_shirts,Women Tops|Outerwear|Shirts,0.4490|0.3510|0.3433,false,
B086BFM9ZN,"Real Mushrooms Turkey Tail Mushroom Supplements for Immune Support, Wellness, Vitality | Vegan, Non-GMO Turkey Tail Capsules (200 Capsules / 100 Day Supply)",pet_health_vitamins,Pet Supplements,Products > Pet Products > Pet Health > Pet Supplements,pet_products,Pet Products,0.2723,pet_health_vitamins|pet_food_dry_food|pet_food_treats,Pet Supplements|Dry Food|Treats,0.2723|0.2469|0.1899,true,low_confidence|ambiguous_top2
B01B2FZMFY,"POP Pillows 16""x16"" 40x40cm Christmas Pillow Covers Decorative Throw Pillows Christmas Disney Christmas Holiday Decor",books_children_books_pop_up_books,Pop-Up Books,Products > Books > Children Books > Pop-Up Books,books,Books,0.3403,books_children_books_pop_up_books|pet_accessories_beds|home_goods_decor_wall,Pop-Up Books|Pet Beds|Wall Decor,0.3403|0.2508|0.2468,true,low_confidence
B08L3C6Y87,Skald Thermogenic Fat Burner for Men and Women - Oxydynamic Fat Scorcher for Weight Loss and All-Over Fat Burning Capsules - The Only Fat Burners with Respiratory Support,skin_care_moisturizers,Moisturizers,Products > Cosmetics > Skin Care > Moisturizers,cosmetics,Cosmetics,0.1958,skin_care_moisturizers|skin_care_cleansers|womens_clothing_activewear,Moisturizers|Cleansers|Activewear,0.1958|0.1883|0.1765,true,low_confidence|ambiguous_top2
B07L3YYPZN,"My Arcade Mini Player 10 Inch Arcade Machine: 20 Built In Games, Fully Playable, Pac-Man, Galaga, Mappy and More, 4.25 Inch Color Display, Speakers, Volume Controls, Headphone Jack, Micro USB Powered",toys_board_games_card_games,Card Games,Products > Toys > Board Games > Card Games,toys,Toys,0.4417,toys_board_games_card_games|toys_board_games_dice_games|toys_board_games_party_games,Card Games|Dice Games|Party Games,0.4417|0.3572|0.3451,false,
B06XXND116,iFrame (Black) – Turn Your iPad into a Beautiful Interactive Digital Picture Frame – Perfect at Home or Work - Includes Table Stand and Wall Mount for All 9.7” iPads,smartphones_screen_protectors,Screen Protectors,Products > Electronics > Smartphones > Screen Protectors,electronics,Electronics,0.3018,smartphones_screen_protectors|televisions_streaming_devices|televisions_mounts,Screen Protectors|Streaming Devices|TV Mounts,0.3018|0.2807|0.2772,true,low_confidence|ambiguous_top2
B081YMYP6T,CAGOS Bracelet Beadeds Compatible with Apple Watch Band 38mm 40mm 41mm Series 7 SE/6/5/4/3/2/1 Cute Handmade Elastic Stretch Beaded Strap Replacement with Stainless Steel Adapter for iWatch Amber,accessories_watches,Dress Watches,Products > Clothing > Fashion Accessories > Dress Watches,clothing,Clothing,0.4068,accessories_watches|accessories_belts|headphones_earbuds,Dress Watches|Belts|Earbuds,0.4068|0.2489|0.1972,false,
B07SRDZPN2,Jerry & Maggie - Tempered Glass Computer Desk Strength Sturdy Surface Laptop Desk Dinning Cocktail Table USB Accessory Attribute Professional Office Desk Modern Plain Legs Personal Workstation Black,computers_desktops,Desktops,Products > Electronics > Computers > Desktops,electronics,Electronics,0.368,computers_desktops|computers_laptops|home_goods_furniture_office,Desktops|Laptops|Office Furniture,0.3680|0.3670|0.3628,true,ambiguous_top2
B07FVQPGP8,SWEETV Crystal Wedding Headband Rose Gold Bridal Headpiece for Brides Pearl Hair Vine Rhinestone Hair Accessories for Women,home_goods_decor_candles,Decorative Home Candles,Products > Home Goods > Home Decor > Decorative Home Candles,home_goods,Home Goods,0.3502,home_goods_decor_candles|accessories_hats|home_goods_decor_vases,Decorative Home Candles|Headwear|Decorative Vases,0.3502|0.3449|0.3076,true,ambiguous_top2
B07D36JTKK,"5 Pieces Soap Saver Bag Natural Sisal Exfoliating Soap Pouch for Foaming and Drying The Soap Bars Shower Soap Bag (13.5 x 9 cm, Beige)",accessories_belts,Belts,Products > Clothing > Fashion Accessories > Belts,clothing,Clothing,0.3027,accessories_belts|skin_care_cleansers|camping_gear_sleeping_bags,Belts|Cleansers|Sleeping Bags,0.3027|0.3009|0.2993,true,low_confidence|ambiguous_top2
B08737FP7D,"PetSafe Analog 2 Meal Programmable Pet Feeder, Automatic Dog and Cat Feeder - Dry or Semi-Moist Pet Food Dispenser, Slow Feed Portion Control (3 Cup/16 Ounce Total Capacity), Tamper-Resistant Design",pet_food_wet_food,Wet Food,Products > Pet Products > Pet Food > Wet Food,pet_products,Pet Products,0.5429,pet_food_wet_food|pet_food_treats|pet_food_dry_food,Wet Food|Treats|Dry Food,0.5429|0.4866|0.4829,false,
B000H55IDW,"Yellow Transparent Center Finder for 8 inch Square Round, Octagon and 5-3/4 inch Hexagon Shaped Material Ideal For Woodworkers, Carpenters or Around the Home …",tool_storage_tool_boxes,Tool Boxes,Products > Tools > Tool Storage > Tool Boxes,tools,Tools,0.2464,tool_storage_tool_boxes|home_goods_decor_rugs|home_goods_kitchenware_cookware,Tool Boxes|Home Rugs|Cookware,0.2464|0.2205|0.2177,true,low_confidence|ambiguous_top2
8415325940,Trilogía de la noche (Contemporánea) (Spanish Edition),books_non_fiction_memoir,Memoir,Products > Books > Non-Fiction > Memoir,books,Books,0.2482,books_non_fiction_memoir|books_fiction_mystery|books_children_picture_books,Memoir|Mystery Books|Picture Books,0.2482|0.2166|0.2105,true,low_confidence|ambiguous_top2
B019S3ULQM,"Blink Indoor Home Security Camera System with Motion Detection, HD Video, 2-Year Battery Life and Cloud Storage Included - 2 Camera Kit",cameras_memory_cards,Camera Memory Cards,Products > Electronics > Cameras > Camera Memory Cards,electronics,Electronics,0.381,cameras_memory_cards|vehicle_electronics_batteries|televisions_streaming_devices,Camera Memory Cards|Batteries|Streaming Devices,0.3810|0.3520|0.3233,true,ambiguous_top2
B07D55TDK1,"Rose Gold Balloons and Party Decorations, 18-Inch Rose Gold Confetti Balloon Set for Bachelorette Parties and Bridal Showers (16 Pack)",home_goods_decor_vases,Decorative Vases,Products > Home Goods > Home Decor > Decorative Vases,home_goods,Home Goods,0.4191,home_goods_decor_vases|home_goods_decor_candles|home_goods_decor_lighting,Decorative Vases|Decorative Home Candles|Decorative Lighting,0.4191|0.4086|0.2823,true,ambiguous_top2
B074WHHB28,"MacSports Heavy Duty Steel Frame Collapsible Folding 150 Pound Capacity Outdoor Camping Garden Utility Wagon Yard Cart, Pink",team_sports,Outdoor Team Sports,Products > Outdoor Goods > Outdoor Recreation > Outdoor Team Sports,outdoor_goods,Outdoor Goods,0.386,team_sports|sports_equipment_hiking|outdoor_sports,Outdoor Team Sports|Hiking|Adventure Sports,0.3860|0.3780|0.3653,true,ambiguous_top2
B0875RP1SW,"BLS LED Puck Lights with Remote Control, Wireless Under Cabinet Lighting, Battery Powered Lights, Stick on Lights, Color Changing Lights with Dimmer and Timer, AA Battery Operated Closet Light, 6 Pack",home_goods_decor_lighting,Decorative Lighting,Products > Home Goods > Home Decor > Decorative Lighting,home_goods,Home Goods,0.3313,home_goods_decor_lighting|home_goods_decor_candles|cameras_tripods,Decorative Lighting|Decorative Home Candles|Tripods,0.3313|0.3140|0.2812,true,low_confidence|ambiguous_top2
B07TW77N7Z,"CHENMA Men Cosplay Inuyasha 3D Print Pullover Hoodie Sweatshirt with Front Pocket(3XL,2)",mens_clothing_outerwear,Outerwear,Products > Clothing > Men's Clothing > Outerwear,clothing,Clothing,0.3769,mens_clothing_outerwear|mens_clothing_shirts|accessories_hats,Outerwear|Shirts|Headwear,0.3769|0.3462|0.3063,true,ambiguous_top2
B07RF38WPZ,"mDesign Plastic Jewelry Organizer Storage Station, 1 Drawer, 6 Ring Holders, Tray for Dressing Table, Cosmetic Station, Dresser, Bathroom Vanity Countertop - Holds Earrings, Watches, Bracelets - Clear",tool_storage_tool_boxes,Tool Boxes,Products > Tools > Tool Storage > Tool Boxes,tools,Tools,0.4641,tool_storage_tool_boxes|home_goods_furniture_storage|home_goods_furniture_bedroom,Tool Boxes|Storage Furniture|Bedroom Furniture,0.4641|0.4044|0.3782,false,
B0824FNS5P,"DisplayPort to HDMI HDTV Cable 3 feet, Display Port DP to HDMI Cable Male to Male Adapter 1080P Support Video and Audio - Gold-Plated",televisions_streaming_devices,Streaming Devices,Products > Electronics > Televisions > Streaming Devices,electronics,Electronics,0.3334,televisions_streaming_devices|computers_peripherals|televisions_home_cinema,Streaming Devices|Peripherals|Home Cinema,0.3334|0.2848|0.2707,true,low_confidence|ambiguous_top2
B08814C65N,interjunzhan Automatic Electric Eraser with 20 Eraser Refills Student Stationery School Office Supplies Beige,home_goods_decor_rugs,Home Rugs,Products > Home Goods > Home Decor > Home Rugs,home_goods,Home Goods,0.2892,home_goods_decor_rugs|home_goods_decor_wall|home_goods_decor_wall_art,Home Rugs|Wall Decor|Wall Art,0.2892|0.2492|0.2458,true,low_confidence|ambiguous_top2
B07TLJ44RR,"High Waist Thong Shapewear for Women Tummy Control Thong Girdle Panty Body Shaper Thong Underwear (Black(Light Control), XX-Large)",accessories_belts,Belts,Products > Clothing > Fashion Accessories > Belts,clothing,Clothing,0.4616,accessories_belts|mens_clothing_jeans|womens_clothing_tops,Belts|Jeans|Women Tops,0.4616|0.4409|0.4270,true,ambiguous_top2
B07BHJHTLR,"Obcursco LED Boat Navigation Lights, Boat Bow Light, Marine Boat Navigation lamp. Perfect for Pontoon, Skeeter, Power Boat and Skiff (Black)",home_goods_decor_lighting,Decorative Lighting,Products > Home Goods > Home Decor > Decorative Lighting,home_goods,Home Goods,0.285,home_goods_decor_lighting|home_goods_decor_candles|sports_equipment_fishing,Decorative Lighting|Decorative Home Candles|Fishing,0.2850|0.2403|0.2089,true,low_confidence|ambiguous_top2
B08L99JPVV,"Mechanical Watches for Men,Two-Tone Stainless Steel Waterproof Tourbillon Skeleton Self-Winding Mens Watch Automatic Luminous Calendar Blue Dial Watches Men(No Battery)",accessories_watches,Dress Watches,Products > Clothing > Fashion Accessories > Dress Watches,clothing,Clothing,0.4338,accessories_watches|vehicle_electronics_batteries|sports_equipment_cycling,Dress Watches|Batteries|Outdoor Cycling,0.4338|0.2978|0.2659,false,
B07GXCJ1X1,Polaroid Originals 9007 OneStep 2 VF Instant Camera (Mint) with Film Bundles (Color 600),cameras_memory_cards,Camera Memory Cards,Products > Electronics > Cameras > Camera Memory Cards,electronics,Electronics,0.2732,cameras_memory_cards|cameras_lenses|smartphones_screen_protectors,Camera Memory Cards|Lenses|Screen Protectors,0.2732|0.2563|0.2385,true,low_confidence|ambiguous_top2
B07J6SSTJ3,"La Blanca Women's Standard Triangle Bra Bikini Swimsuit Top, Pink//Sips/Slices, DD",womens_clothing_tops,Women Tops,Products > Clothing > Women's Clothing > Women Tops,clothing,Clothing,0.4306,womens_clothing_tops|mens_clothing_shirts|womens_clothing_activewear,Women Tops|Shirts|Activewear,0.4306|0.4071|0.3884,true,ambiguous_top2
B07RP2WR5B,The Original Ollyball - The Ultimate Indoor & Outdoor Play Ball for Kids and Parents!,team_sports,Outdoor Team Sports,Products > Outdoor Goods > Outdoor Recreation > Outdoor Team Sports,outdoor_goods,Outdoor Goods,0.3734,team_sports|outdoor_sports|toys_board_games_family,Outdoor Team Sports|Adventure Sports|Family Games,0.3734|0.3105|0.2823,false,
B07PZVDNFT,Tigerdoe Peanut Butter & Jelly Costume Set - Couples Costumes - Food Costumes - Costumes for Adults - 2 Pk (PB&J Couples Hats) Purple,kids_clothing_onesies,Baby Onesies,Products > Clothing > Kids Clothing > Baby Onesies,clothing,Clothing,0.3119,kids_clothing_onesies|kids_clothing_toddler_sets|toys_board_games_party_games,Baby Onesies|Toddler Sets|Party Games,0.3119|0.2853|0.2718,true,low_confidence|ambiguous_top2
B071RDY9G9,"Lovedima 20""x40"" LED Stainless Steel Rectangle Shower Head Rain Showerhead Set(With led, Brushed nickel)",accessories_hats,Headwear,Products > Clothing > Fashion Accessories > Headwear,clothing,Clothing,0.2747,accessories_hats|home_goods_decor_vases|home_goods_decor_lighting,Headwear|Decorative Vases|Decorative Lighting,0.2747|0.2591|0.2285,true,low_confidence|ambiguous_top2
B076G7LND4,Relaxing Eye Pillow - Pink Roses,home_goods_decor_vases,Decorative Vases,Products > Home Goods > Home Decor > Decorative Vases,home_goods,Home Goods,0.2471,home_goods_decor_vases|makeup_eyes|pet_food_treats,Decorative Vases|Eye Makeup|Treats,0.2471|0.2442|0.2118,true,low_confidence|ambiguous_top2
B07KBQZBPW,"Carhartt Men's Rugged Flex Rigby Long Sleeve Work Shirt (Regular and Big & Tall Sizes), Gravel, Medium",mens_clothing_outerwear,Outerwear,Products > Clothing > Men's Clothing > Outerwear,clothing,Clothing,0.4284,mens_clothing_outerwear|mens_clothing_shirts|footwear_boots,Outerwear|Shirts|Boots,0.4284|0.4225|0.3400,true,ambiguous_top2
B07TLDPR65,"Detox Tea 28 Day Ultimate Teatox - Morning Boost - Burn Fat and Boost Your Energy, Colon Cleanse, Restore Your Body Natural Balance and Accelerate Weight Loss",skin_care_cleansers,Cleansers,Products > Cosmetics > Skin Care > Cleansers,cosmetics,Cosmetics,0.279,skin_care_cleansers|skin_care_moisturizers|pet_health_vitamins,Cleansers|Moisturizers|Pet Supplements,0.2790|0.1640|0.1552,true,low_confidence
B07HRRJTQG,[UL Listed] 90W Replacement Charger Fit for JBL Boombox 1 Portable Bluetooth Speaker Boombox 2 AC Adapter Power Supply Cord,smartphones_chargers,Phone Chargers,Products > Electronics > Smartphones > Phone Chargers,electronics,Electronics,0.335,smartphones_chargers|headphones_earbuds|smartphones_cases,Phone Chargers|Earbuds|Phone Cases,0.3350|0.3248|0.1903,true,low_confidence|ambiguous_top2
B07MR6MX73,BIRDROCK HOME Hammered Double Wall Round Beverage Tub - 3 Gallons Stainless Steel - Ice Bucket - Metal Drink Cooler - House Party - Handles Small Container,home_goods_kitchenware_dining_sets,Dining Sets,Products > Home Goods > Kitchenware > Dining Sets,home_goods,Home Goods,0.2445,home_goods_kitchenware_dining_sets|home_goods_decor_wall|home_goods_decor_wall_art,Dining Sets|Wall Decor|Wall Art,0.2445|0.2357|0.2327,true,low_confidence|ambiguous_top2
B01HETFQKS,"Bose SoundLink Color II: Portable Bluetooth, Wireless Speaker with Microphone- Soft Black",headphones_wireless,Wireless Audio,Products > Electronics > Headphones > Wireless Audio,electronics,Electronics,0.4071,headphones_wireless|headphones_earbuds|televisions_home_cinema,Wireless Audio|Earbuds|Home Cinema,0.4071|0.3569|0.2945,false,
B00N21UY5A,Luke Kuechly Carolina Panthers Black NFL Youth 2016-17 Season Mid-Tier Jersey (Large 14/16),kids_clothing_school_uniforms,School Uniforms,Products > Clothing > Kids Clothing > School Uniforms,clothing,Clothing,0.3434,kids_clothing_school_uniforms|footwear_sneakers|team_sports,School Uniforms|Sneakers|Outdoor Team Sports,0.3434|0.2177|0.2056,true,low_confidence
B075ZRC2F5,"Case for iPhone 8 Plus,Funny Cute Pop Sound Popping Decompression Bubble Wrap Hybrid Silicone Puchi Puchi Hard Case for Apple iPhone 7 Plus/iPhone 8 Plus (White)",smartphones_cases,Phone Cases,Products > Electronics > Smartphones > Phone Cases,electronics,Electronics,0.4429,smartphones_cases|smartphones_screen_protectors|books_children_books_pop_up_books,Phone Cases|Screen Protectors|Pop-Up Books,0.4429|0.3402|0.2428,false,
B08FM84N7J,"FURTIME Dog Bed Crate Pad Ultra Soft Washable Kennel Bed 24/30/36/42 Inch Anti-Slip Crate Sleeping Mat for Large Medium Small Dogs and Cats (29"" x 21"")",pet_accessories_beds,Pet Beds,Products > Pet Products > Pet Accessories > Pet Beds,pet_products,Pet Products,0.6278,pet_accessories_beds|pet_accessories_collars|home_goods_decor_rugs,Pet Beds|Collars|Home Rugs,0.6278|0.4004|0.3300,false,
B078LFH4CC,"Rust-Oleum 306325 Rock-Solid Pearlescent Garage Floor Coating Kit, 70 Fl Oz (Pack of 1), Pearl Black",tool_storage_tool_benches,Tool Benches,Products > Tools > Tool Storage > Tool Benches,tools,Tools,0.2385,tool_storage_tool_benches|makeup_foundation|home_goods_furniture_outdoor,Tool Benches|Foundation|Outdoor Furniture,0.2385|0.2280|0.2085,true,low_confidence|ambiguous_top2
B01LXOPFWP,Razer Blackwidow Ultimate 2016 - Backlit Mechanical Gaming Keyboard with 10 Key Rollover (Renewed),computers_peripherals,Peripherals,Products > Electronics > Computers > Peripherals,electronics,Electronics,0.3573,computers_peripherals|hand_tools_hammers|hand_tools_screwdrivers,Peripherals|Hammers|Screwdrivers,0.3573|0.2140|0.1856,false,
B07QKVJLF2,"Pregnancy Test Early, Docalon 5 Count Clear and Accurate Results Over 99% Accurate HCG Early Pregnancy Test Detection Individually Sealed",books_children_books_early_readers,Early Readers,Products > Books > Children Books > Early Readers,books,Books,0.1071,books_children_books_early_readers|skin_care_moisturizers|makeup_foundation,Early Readers|Moisturizers|Foundation,0.1071|0.0989|0.0916,true,low_confidence|ambiguous_top2
B07B8YDWGS,2LUV Women's Stretchy 5 Pocket Skinny Color Uniform Pants Back to School Junior Clothing Apparel Khaki 1,mens_clothing_jeans,Jeans,Products > Clothing > Men's Clothing > Jeans,clothing,Clothing,0.5353,mens_clothing_jeans|kids_clothing_school_uniforms|footwear_sneakers,Jeans|School Uniforms|Sneakers,0.5353|0.4732|0.4618,false,
B0080ZQQDW,"Decorative Ornamental River Pebbles Rocks for Fresh Water Fish Animal Plant Aquariums, Landscaping, Home Decor etc, Snow White Color, 10lbs, 1.0""-1.5",sports_equipment_fishing,Fishing,Products > Outdoor Goods > Outdoor Recreation > Fishing,outdoor_goods,Outdoor Goods,0.3119,sports_equipment_fishing|home_goods_decor_vases|home_goods_decor_wall_art,Fishing|Decorative Vases|Wall Art,0.3119|0.3066|0.2823,true,low_confidence|ambiguous_top2
B075D3KK8G,"RJ Quality Product Design Crochet Tablecloth, Off White",home_goods_furniture_outdoor,Outdoor Furniture,Products > Home Goods > Furniture > Outdoor Furniture,home_goods,Home Goods,0.3313,home_goods_furniture_outdoor|home_goods_furniture_living_room|home_goods_decor_rugs,Outdoor Furniture|Living Room Furniture|Home Rugs,0.3313|0.2419|0.2342,true,low_confidence
B07RG21QPD,"Quasar Science Q-15X Crossfade Linear 15W Bi-Color LED Lamp, 1'",home_goods_decor_lighting,Decorative Lighting,Products > Home Goods > Home Decor > Decorative Lighting,home_goods,Home Goods,0.2839,home_goods_decor_lighting|home_goods_decor_candles|home_goods_decor_vases,Decorative Lighting|Decorative Home Candles|Decorative Vases,0.2839|0.2435|0.1366,true,low_confidence|ambiguous_top2
B00GA7W07I,"Levi's Men's 514 Straight fit Jean, Shoestring, 36x34",mens_clothing_jeans,Jeans,Products > Clothing > Men's Clothing > Jeans,clothing,Clothing,0.4542,mens_clothing_jeans|footwear_sneakers|footwear_boots,Jeans|Sneakers|Boots,0.4542|0.4232|0.3888,true,ambiguous_top2
B0925V95NP,Dumbbell Rack Stand for Home Gym Weight-330 LBS Weight Capacity Dumbbell Storage Rack 20.50x8.50x27 inches - 2 Tiers & 2 Vertical Slots with Protective Inserts-Compact and Versatile Design (red),tool_storage_tool_benches,Tool Benches,Products > Tools > Tool Storage > Tool Benches,tools,Tools,0.4024,tool_storage_tool_benches|tool_storage_wall_racks|tool_storage_tool_boxes,Tool Benches|Tool Wall Storage|Tool Boxes,0.4024|0.3087|0.2678,false,
B07MMY6VC5,MNLYBABY Sunshine and Whiskey Short Sleeve T-Shirt Women Beach Funny Letters Print Summer Tops Tees Dark Green,womens_clothing_tops,Women Tops,Products > Clothing > Women's Clothing > Women Tops,clothing,Clothing,0.4654,womens_clothing_tops|mens_clothing_shirts|mens_clothing_outerwear,Women Tops|Shirts|Outerwear,0.4654|0.3887|0.3486,false,
B07CJ3LZ6H,"X-Image Women's Pajamas Comfy Pajama Lounge Pants Floral Print Drawstring Wide Leg Palazzo Pants Light Grey, X-Large",mens_clothing_jeans,Jeans,Products > Clothing > Men's Clothing > Jeans,clothing,Clothing,0.3932,mens_clothing_jeans|footwear_boots|womens_clothing_activewear,Jeans|Boots|Activewear,0.3932|0.3498|0.3472,true,ambiguous_top2
B0786VGMLT,"Toys of Christmas Past - TV Ads From the 50's, 60's, & 70's",toys_action_figure_toys_figurines,Figurines,Products > Toys > Action Figure Toys > Figurines,toys,Toys,0.4049,toys_action_figure_toys_figurines|toys_action_figure_toys_movie_figures|toys_action_figure_toys_collectibles,Figurines|Movie Figures|Collectible Figures,0.4049|0.3487|0.3244,false,
B08WH8SD39,"Scotch-Brite Swift Scrub, Bathroom Buildup, Glass Door, Shower and Bath Cleaner, Soap Scum Remover, 3X Faster Than an Eraser Pad, 6, 6 Count",skin_care_cleansers,Cleansers,Products > Cosmetics > Skin Care > Cleansers,cosmetics,Cosmetics,0.3005,skin_care_cleansers|smartphones_screen_protectors|power_tools_grinders,Cleansers|Screen Protectors|Grinding Tools,0.3005|0.2264|0.2262,true,low_confidence
B089W5CXJC,"Laptop Bed Tray Table,Foldable Lap Desk Stand with Cup Holder, Kids Adults Students Cute Multifunctional Lap Bed Desk,Suitable for Eating, Working, Writing, Gaming, Drawing (Pink-White)",computers_laptops,Laptops,Products > Electronics > Computers > Laptops,electronics,Electronics,0.5213,computers_laptops|home_goods_furniture_office|home_goods_furniture_living_room,Laptops|Office Furniture|Living Room Furniture,0.5213|0.4538|0.4132,false,
B07TP6QKTT,"Smooffly Office Desk Accessories, Chaos Coordinator Quotes Vintage Watercolor Floral Mouse Pad, Office Decor for Women, Office Gifts, Desk Decor",computers_peripherals,Peripherals,Products > Electronics > Computers > Peripherals,electronics,Electronics,0.2736,computers_peripherals|tool_storage_tool_boxes|computers_laptops,Peripherals|Tool Boxes|Laptops,0.2736|0.2626|0.2576,true,low_confidence|ambiguous_top2
B06ZXS792B,"Vera Bradley Denim Zip ID Case Wallet, Navy",mens_clothing_jeans,Jeans,Products > Clothing > Men's Clothing > Jeans,clothing,Clothing,0.4196,mens_clothing_jeans|mens_clothing_outerwear|footwear_boots,Jeans|Outerwear|Boots,0.4196|0.3866|0.3247,true,ambiguous_top2
B083G9RY4H,Wine Tumbler Old Cup (Pink T),home_goods_kitchenware_dining_sets,Dining Sets,Products > Home Goods > Kitchenware > Dining Sets,home_goods,Home Goods,0.3296,home_goods_kitchenware_dining_sets|home_goods_kitchenware_cutlery|home_goods_kitchenware_cookware,Dining Sets|Cutlery|Cookware,0.3296|0.3188|0.2766,true,low_confidence|ambiguous_top2
B07SFKYRYW,Mad Scientist tee Funny Mad Scientist Atomic Symbol T-Shirt,mens_clothing_shirts,Shirts,Products > Clothing > Men's Clothing > Shirts,clothing,Clothing,0.2772,mens_clothing_shirts|books_non_fiction_science|kids_clothing_school_uniforms,Shirts|Science Books|School Uniforms,0.2772|0.2095|0.1798,true,low_confidence
B06XFR5HNT,The Phoenix Lights: A Skeptic's Discovery that We Are Not Alone,books_fiction_mystery,Mystery Books,Products > Books > Fiction Books > Mystery Books,books,Books,0.2953,books_fiction_mystery|books_fiction_fantasy|books_fiction_science_fiction,Mystery Books|Fantasy|Science Fiction,0.2953|0.2765|0.2696,true,low_confidence|ambiguous_top2
B076DRQ5XB,Fujifilm Instax SP-3 Mobile Printer - White,smartphones_screen_protectors,Screen Protectors,Products > Electronics > Smartphones > Screen Protectors,electronics,Electronics,0.3353,smartphones_screen_protectors|cameras_memory_cards|cameras_lenses,Screen Protectors|Camera Memory Cards|Lenses,0.3353|0.2471|0.2011,true,low_confidence
B08LHB22XQ,"2021-2022 Planner - Weekly & Monthly Planner with Tabs, 8.4"" x 6.3"", July 2021 - June 2022, Flexible Hardcover, Strong Binding, Thick Paper, Back Pocket, Elastic Closure",books_children_books_pop_up_books,Pop-Up Books,Products > Books > Children Books > Pop-Up Books,books,Books,0.2936,books_children_books_pop_up_books|tool_storage_tool_boxes|books_children_books_board_books,Pop-Up Books|Tool Boxes|Board Books,0.2936|0.2845|0.2534,true,low_confidence|ambiguous_top2
B07MG12KK6,"mDesign Small Plastic Bathroom Storage Container Bins with Handles for Organization in Closet, Cabinet, Vanity or Cupboard Shelf, Accessory Organizer for Hair Tools, Vitamins, or Lotion, 8 Pack, Clear",tool_storage_tool_boxes,Tool Boxes,Products > Tools > Tool Storage > Tool Boxes,tools,Tools,0.5262,tool_storage_tool_boxes|home_goods_furniture_storage|tool_storage_tool_benches,Tool Boxes|Storage Furniture|Tool Benches,0.5262|0.4562|0.4328,false,
B073X37223,MontoPack Disposable Takeout Pans with Clear Lids | 1lb Capacity Aluminum Foil Food Containers with Strong Seal for Freshness & Spill Resistance | Eco-Friendly & Recyclable | 50-Pack of 5x4” Drip Pans,home_goods_kitchenware_food_storage,Food Storage,Products > Home Goods > Kitchenware > Food Storage,home_goods,Home Goods,0.3616,home_goods_kitchenware_food_storage|home_goods_kitchenware_cookware|home_goods_kitchenware_dining_sets,Food Storage|Cookware|Dining Sets,0.3616|0.3429|0.3170,true,ambiguous_top2
B07CRP5ZGG,"mDesign Durable Plastic Storage Bin Stackable Organizer Tote w/Secure Lid, Container for Toy Organizing and Storing; Art Puzzle Crayon Pen Pencil Marker Supply Organization - 4 Pack - Clear",tool_storage_tool_boxes,Tool Boxes,Products > Tools > Tool Storage > Tool Boxes,tools,Tools,0.5016,tool_storage_tool_boxes|toys_action_figure_toys_figurines|tool_storage_tool_benches,Tool Boxes|Figurines|Tool Benches,0.5016|0.3795|0.3674,false,
B07VXG2KD1,"Naiflowers 4 Piece Bathroom Shower Curtain Sets with Non-Slip Rug Bathroom, Toilet Lid Cover, Bath Mat, Shower Curtain, Natural Sea Dolphin Bath Curtain for Living Room Kitchen Entryway",home_goods_decor_rugs,Home Rugs,Products > Home Goods > Home Decor > Home Rugs,home_goods,Home Goods,0.4626,home_goods_decor_rugs|home_goods_furniture_living_room|home_goods_furniture_bedroom,Home Rugs|Living Room Furniture|Bedroom Furniture,0.4626|0.3303|0.3251,false,
B07HMY17SV,QC35 Replacement Charger Cable Cord Compatible for Bose QUIETCOMFORT35 QC35II QC25 QC20 SoundLink II Over-Ear Wireless Headphones (Black),headphones_earbuds,Earbuds,Products > Electronics > Headphones > Earbuds,electronics,Electronics,0.3758,headphones_earbuds|smartphones_chargers|headphones_wireless,Earbuds|Phone Chargers|Wireless Audio,0.3758|0.3289|0.3007,true,ambiguous_top2
B082H6LG1R,"IRON °FLASK Sports Water Bottle - 32 Oz, 3 Lids (Straw Lid), Leak Proof, Vacuum Insulated Stainless Steel, Hot Cold, Double Walled, Thermo Mug, Standard Metal Canteen",camping_gear_sleeping_bags,Sleeping Bags,Products > Outdoor Goods > Camping Gear > Sleeping Bags,outdoor_goods,Outdoor Goods,0.2936,camping_gear_sleeping_bags|team_sports|outdoor_sports,Sleeping Bags|Outdoor Team Sports|Adventure Sports,0.2936|0.2393|0.2270,true,low_confidence
B08934XRS3,"KYLEON Dress for Women Casual, Women's Floral Sleeveless A Line Summer Mini Short Boho Beach Cocktail Party Tunic Sundresses",womens_clothing_dresses,Dresses,Products > Clothing > Women's Clothing > Dresses,clothing,Clothing,0.4275,womens_clothing_dresses|footwear_sneakers|mens_clothing_outerwear,Dresses|Sneakers|Outerwear,0.4275|0.3928|0.3605,true,ambiguous_top2
B07ZS3SWPC,"PHILIPS Digital Alarm Clock Radio for Bedroom FM Radio, LED Display, Easy Snooze, Sleep Timer, Battery Back up (Batteries Sold Seperately)",vehicle_electronics_batteries,Batteries,Products > Automotive Products > Vehicle Electronics > Batteries,automotive_products,Automotive Products,0.3491,vehicle_electronics_batteries|headphones_earbuds|headphones_wireless,Batteries|Earbuds|Wireless Audio,0.3491|0.3069|0.3014,true,low_confidence|ambiguous_top2
B015ZK3ZJ2,"Mohawk Home Laguna Boardwalk Stripe Area Rug, 5'x8', Blue/Grey",home_goods_decor_rugs,Home Rugs,Products > Home Goods > Home Decor > Home Rugs,home_goods,Home Goods,0.5538,home_goods_decor_rugs|kids_clothing_school_uniforms|footwear_boots,Home Rugs|School Uniforms|Boots,0.5538|0.3002|0.2758,false,
B09573KNGW,"GINTOOYUN Right Angle DC to DC Male Power Cable,22AWG DC 5.5MM x 2.1MM Male to 90 Degree DC Male Plug Patch Wire Adapter Extension Cord for Strip Lihgt,CCTV,Car,Monitors,etc(2 Pcs)",power_tools_drills,Power Drills,Products > Tools > Power Tools > Power Drills,tools,Tools,0.3543,power_tools_drills|power_tools_saws|computers_desktops,Power Drills|Saw Tools|Desktops,0.3543|0.3318|0.3005,true,ambiguous_top2
B07QRNR6T6,"Nike Superfly 6 Elite FG Mens Football Boots AH7365 Soccer Cleats (UK 8.5 US 9.5 EU 43, Black Metallic Vivid Gold 077)",footwear_sneakers,Sneakers,Products > Clothing > Footwear > Sneakers,clothing,Clothing,0.5093,footwear_sneakers|footwear_boots|footwear_sandals,Sneakers|Boots|Sandals,0.5093|0.4907|0.3304,true,ambiguous_top2
B07M633JDS,For Milwaukee 49-24-2371 M18 USB Power Charger Adaptor Heated 15-21V Jackets Power Source 18V Li-ion Battery Power Source,smartphones_chargers,Phone Chargers,Products > Electronics > Smartphones > Phone Chargers,electronics,Electronics,0.2964,smartphones_chargers|power_tools_drills|vehicle_electronics_batteries,Phone Chargers|Power Drills|Batteries,0.2964|0.2309|0.2215,true,low_confidence
B0716LZC2C,Youth Flash Lightning Bolt Logo T Shirt for Boys & Stickers (Size 4T) Red,kids_clothing_school_uniforms,School Uniforms,Products > Clothing > Kids Clothing > School Uniforms,clothing,Clothing,0.3553,kids_clothing_school_uniforms|mens_clothing_shirts|footwear_sneakers,School Uniforms|Shirts|Sneakers,0.3553|0.3154|0.2954,true,ambiguous_top2
B07XM9GQPJ,"Crave Metal Car Charger [24W 4.8A 2 Port Dual USB] Zinc Alloy Universal Compact 12 Volt Charger, Smart Charge IC Technology",smartphones_chargers,Phone Chargers,Products > Electronics > Smartphones > Phone Chargers,electronics,Electronics,0.5097,smartphones_chargers|vehicle_electronics_batteries|camping_gear_sleeping_bags,Phone Chargers|Batteries|Sleeping Bags,0.5097|0.4174|0.2755,false,
B07K24F31M,"Galaxy Tab S4 10.5 2018 Case,BRAECNstock Heavy Duty Full-Body Protective Case with 360 Degree Stand/Hand Strap/Shoulder Strap for Samsung Galaxy Tab S4 10.5 (2018) SM-T830/T835/T837 Tablet (Black)",smartphones_cases,Phone Cases,Products > Electronics > Smartphones > Phone Cases,electronics,Electronics,0.4017,smartphones_cases|smartphones_screen_protectors|footwear_boots,Phone Cases|Screen Protectors|Boots,0.4017|0.3620|0.2041,true,ambiguous_top2
B075MKTLSP,Sony (SEL1635GM FE 16-35mm F2.8 GM Wide-Angle Zoom Lens Full-Frame E-Mount Cameras w/Sandisk Extreme PRO SDXC 128GB UHS-1 Memory Card,cameras_memory_cards,Camera Memory Cards,Products > Electronics > Cameras > Camera Memory Cards,electronics,Electronics,0.3916,cameras_memory_cards|cameras_lenses|cameras_tripods,Camera Memory Cards|Lenses|Tripods,0.3916|0.3905|0.3475,true,ambiguous_top2
B07NQJB657,WaterFit Straw Lid - Replacement Cap for Hydro Flask Standard Mouth Sport and Travel Water Bottle 12oz / 18oz / 21oz & 24oz with 2 Straws and Straw Brushes,makeup_foundation,Foundation,Products > Cosmetics > Makeup > Foundation,cosmetics,Cosmetics,0.2556,makeup_foundation|accessories_hats|skin_care_cleansers,Foundation|Headwear|Cleansers,0.2556|0.2235|0.1775,true,low_confidence|ambiguous_top2
B018LMATKE,"CO-Z 11pc Tube Expander Tool Kit with Pipe Cutter, Deburring Tool, Chamfering Tool, 7 Expander Heads 3/8"" to 1-1/8"" | Tube Expanding Tool Kit for Aluminum Pipes, Copper Pipes, More with Storage Case",power_tools_saws,Saw Tools,Products > Tools > Power Tools > Saw Tools,tools,Tools,0.3506,power_tools_saws|hand_tools_clamps|tool_storage_tool_benches,Saw Tools|Clamps|Tool Benches,0.3506|0.3340|0.3293,true,ambiguous_top2
B07DFD3BQD,"BYOS Women's Cute Subtle Sparkly Sequin Cable Knitted Crochet Beret Beanie Hat,Mid-Weight Lightweight (Blue)",accessories_hats,Headwear,Products > Clothing > Fashion Accessories > Headwear,clothing,Clothing,0.434,accessories_hats|mens_clothing_outerwear|footwear_boots,Headwear|Outerwear|Boots,0.4340|0.3142|0.2868,false,
B01GSCLS7W,Samsung Printer Xpress M3065FW Laser All-in-One,computers_laptops,Laptops,Products > Electronics > Computers > Laptops,electronics,Electronics,0.2205,computers_laptops|computers_desktops|computers_peripherals,Laptops|Desktops|Peripherals,0.2205|0.2191|0.2042,true,low_confidence|ambiguous_top2
B06XRRKTWC,RINHOO Sideways Large Initial Necklace 18k Gold Plated Stainless Steel Big Letter Script Name Monogram Pendant Necklace for Women Gift(from Alphabet 26 A-Z),home_goods_decor_candles,Decorative Home Candles,Products > Home Goods > Home Decor > Decorative Home Candles,home_goods,Home Goods,0.306,home_goods_decor_candles|home_goods_decor_vases|toys_action_figure_toys_figurines,Decorative Home Candles|Decorative Vases|Figurines,0.3060|0.2909|0.2774,true,low_confidence|ambiguous_top2
B08T5VRMLH,FZYTMY Funny Doormat Guns Make Me Happy You Not So Much Indoor Outdoor Entrance Floor Mat Home Front Door Mat Non Slip Backing 23.6 X 15.7 Inch,home_goods_decor_rugs,Home Rugs,Products > Home Goods > Home Decor > Home Rugs,home_goods,Home Goods,0.5319,home_goods_decor_rugs|home_goods_decor_wall|home_goods_furniture_outdoor,Home Rugs|Wall Decor|Outdoor Furniture,0.5319|0.3167|0.2894,false,
B075N8GY48,"GOGOSODU Compatible Airpods Strap, Silicone Anti-Lost Strap Wire Cable Connector Sports Neckband Compatible Airpods 3, Pro, 2, 1 Wireless Charging, Black with Red",headphones_earbuds,Earbuds,Products > Electronics > Headphones > Earbuds,electronics,Electronics,0.4124,headphones_earbuds|headphones_wireless|accessories_hats,Earbuds|Wireless Audio|Headwear,0.4124|0.3647|0.2999,true,ambiguous_top2
B0851458R1,NT North Tech 32” HD LED TV | Crystal Clear Screen | CCD Closed Caption | Aspect Ratio:16:9 | Response time:8ms | Resolution: 720p | Stereo Sound | Built-in HDMI/USB/Headphone Jack (2020),televisions_home_cinema,Home Cinema,Products > Electronics > Televisions > Home Cinema,electronics,Electronics,0.4458,televisions_home_cinema|televisions_streaming_devices|vehicle_electronics_infotainment,Home Cinema|Streaming Devices|In-Car Infotainment,0.4458|0.3621|0.2715,false,
B075NS8YXG,"Brightech Ambience Pro - Waterproof, Solar Powered Outdoor String Lights - 27 Ft Vintage Edison Bulbs Create Bistro Ambience On Your Patio - Commercial Grade, Shatterproof - 1W LED, Soft White Light",home_goods_decor_lighting,Decorative Lighting,Products > Home Goods > Home Decor > Decorative Lighting,home_goods,Home Goods,0.3376,home_goods_decor_lighting|home_goods_decor_candles|camping_gear_sleeping_bags,Decorative Lighting|Decorative Home Candles|Sleeping Bags,0.3376|0.3206|0.2704,true,low_confidence|ambiguous_top2
B07GR5FTQJ,"BACOENG 3 Gallon Tempered Glass Lid Stainless Steel Vacuum Chamber Perfect for Stabilizing Wood, Degassing Silicones, Epoxies and Essential Oils",home_goods_kitchenware_food_storage,Food Storage,Products > Home Goods > Kitchenware > Food Storage,home_goods,Home Goods,0.2477,home_goods_kitchenware_food_storage|home_goods_kitchenware_cookware|smartphones_screen_protectors,Food Storage|Cookware|Screen Protectors,0.2477|0.2100|0.1720,true,low_confidence|ambiguous_top2
B07DKZZN1L,"Jormatt 6 Pairs Men No Show Low Cut Socks Non-Slip Women Athletic Sneaker Socks Comfort 100% Cotton Casual Invisible Socks, men shoe size 13-15",footwear_sneakers,Sneakers,Products > Clothing > Footwear > Sneakers,clothing,Clothing,0.4363,footwear_sneakers|footwear_sandals|mens_clothing_jeans,Sneakers|Sandals|Jeans,0.4363|0.4136|0.3412,true,ambiguous_top2
B07KWDBZZQ,"Giantex 6 Inch Tri Folding Memory Foam Mattress w/Case, Soft Removable Bamboo Cover, Used as Fold Up Guest Bed & Camp Cot, Multifunctional Mattress for Sleep Comfort (Queen Size)",camping_gear_sleeping_bags,Sleeping Bags,Products > Outdoor Goods > Camping Gear > Sleeping Bags,outdoor_goods,Outdoor Goods,0.4593,camping_gear_sleeping_bags|pet_accessories_beds|camping_gear_tents,Sleeping Bags|Pet Beds|Tents,0.4593|0.4171|0.3908,true,ambiguous_top2
B08D72RWR1,"HilarityMax Camera Pen with 32GB TF Card and Storage Case, Capture HD 1080P Video and High Resolution Photos, 2.5 Hours of Recording Time, Rechargeable",cameras_memory_cards,Camera Memory Cards,Products > Electronics > Cameras > Camera Memory Cards,electronics,Electronics,0.4953,cameras_memory_cards|cameras_lenses|cameras_tripods,Camera Memory Cards|Lenses|Tripods,0.4953|0.2906|0.2734,false,
B07FD25R48,"Merrell Men's Trail Glove 5 Sneaker, Olive Drab/Beluga, 12",footwear_sneakers,Sneakers,Products > Clothing > Footwear > Sneakers,clothing,Clothing,0.4819,footwear_sneakers|footwear_boots|footwear_sandals,Sneakers|Boots|Sandals,0.4819|0.4158|0.3930,false,
B08XBFYQMD,"COB LED Strip Lights Super Bright,PAUTIX 24ft/7.5m Warm White 2700K CRI90+ Flexible LED Tape,DC24V for Cabinet Home DIY Lighting Projects with 1pcs COB Connector Wire(Power Supply Not Included)",home_goods_decor_lighting,Decorative Lighting,Products > Home Goods > Home Decor > Decorative Lighting,home_goods,Home Goods,0.31,home_goods_decor_lighting|cameras_tripods|televisions_mounts,Decorative Lighting|Tripods|TV Mounts,0.3100|0.2550|0.2494,true,low_confidence
B08CS419Q3,"PetAmi Dog Travel Bag Backpack | Backpack Organizer with Poop Bag Dispenser, Pockets, Food Container Bag, Collapsible Bowl | Weekend Pet Travel Set for Hiking Overnight Camping Road Trip (Turquoise)",pet_food_wet_food,Wet Food,Products > Pet Products > Pet Food > Wet Food,pet_products,Pet Products,0.4161,pet_food_wet_food|camping_gear_sleeping_bags|pet_food_treats,Wet Food|Sleeping Bags|Treats,0.4161|0.3847|0.3831,true,ambiguous_top2
B07H9X8GDC,Women's Lace Dress Sexy Off Shoulder Flare Sleeve Floral Bodycon Party Club Mini Dress,womens_clothing_dresses,Dresses,Products > Clothing > Women's Clothing > Dresses,clothing,Clothing,0.3869,womens_clothing_dresses|accessories_watches|womens_clothing_tops,Dresses|Dress Watches|Women Tops,0.3869|0.3689|0.3449,true,ambiguous_top2
B07MGFD7R6,"BENTOBEN iPad Pro 11 Case 2020 & 2018 with Pencil Holder, (Support Pencil Charging) Glitter Sparkly Folio Stand Cover Auto Wake/Sleep Luxury Smart Case for iPad Pro 11 2nd Generation 2020, Rose Gold",smartphones_cases,Phone Cases,Products > Electronics > Smartphones > Phone Cases,electronics,Electronics,0.2947,smartphones_cases|smartphones_screen_protectors|computers_peripherals,Phone Cases|Screen Protectors|Peripherals,0.2947|0.2650|0.2306,true,low_confidence|ambiguous_top2
B07V43Z9K1,Velvet Braided Flock Padded Headband - AWAYTR Spanish Vintage Style Alice Hair band Matador Headband (purple+white+coffee),accessories_hats,Headwear,Products > Clothing > Fashion Accessories > Headwear,clothing,Clothing,0.4304,accessories_hats|headphones_earbuds|headphones_wireless,Headwear|Earbuds|Wireless Audio,0.4304|0.3517|0.3294,false,
B073TW8XHS,Romwe Women's Loose Ruffle Hem Short Sleeve High Low Peplum Blouse Top Burgundy XL,womens_clothing_tops,Women Tops,Products > Clothing > Women's Clothing > Women Tops,clothing,Clothing,0.3532,womens_clothing_tops|mens_clothing_outerwear|mens_clothing_jeans,Women Tops|Outerwear|Jeans,0.3532|0.3461|0.3006,true,ambiguous_top2
B01MEHRRLU,"NEW GENERATION - Heavy Duty Plastic 2 Pocket Folder, 6 Pack Assorted Primary Colors Poly Folders for Letter Size Papers, Includes Business Card Slot, Great to use at School, Home, Work and Storage",tool_storage_tool_boxes,Tool Boxes,Products > Tools > Tool Storage > Tool Boxes,tools,Tools,0.3695,tool_storage_tool_boxes|camping_gear_sleeping_bags|home_goods_furniture_storage,Tool Boxes|Sleeping Bags|Storage Furniture,0.3695|0.3485|0.3196,true,ambiguous_top2
B00LPWW9VK,Xbox 360 250GB Slim Console - (Renewed),televisions_streaming_devices,Streaming Devices,Products > Electronics > Televisions > Streaming Devices,electronics,Electronics,0.2515,televisions_streaming_devices|computers_peripherals|toys_board_games_dice_games,Streaming Devices|Peripherals|Dice Games,0.2515|0.2134|0.2024,true,low_confidence|ambiguous_top2
B00KZLJMS0,"Columbia Women's Plus Size Fast Trek II Jacket, Black, 1X",mens_clothing_outerwear,Outerwear,Products > Clothing > Men's Clothing > Outerwear,clothing,Clothing,0.4534,mens_clothing_outerwear|mens_clothing_jeans|womens_clothing_tops,Outerwear|Jeans|Women Tops,0.4534|0.3660|0.3217,false,
B08925G8F1,"1080P HD Webcam with Microphone,USB Webcam, Built-in Noise Reduction,Plug & Play Auto Focus,Widescreen Streaming Webcam for PC/Mac Laptop/Desktop Streaming Video Calling Recording Conferencing",televisions_streaming_devices,Streaming Devices,Products > Electronics > Televisions > Streaming Devices,electronics,Electronics,0.4214,televisions_streaming_devices|cameras_memory_cards|cameras_tripods,Streaming Devices|Camera Memory Cards|Tripods,0.4214|0.4158|0.3758,true,ambiguous_top2
B00FOKIR8I,Winsome Wood Devon Butler TV Table with Serving Tray,home_goods_furniture_dining_room,Dining Room Furniture,Products > Home Goods > Furniture > Dining Room Furniture,home_goods,Home Goods,0.4276,home_goods_furniture_dining_room|home_goods_furniture_living_room|home_goods_kitchenware_dining_sets,Dining Room Furniture|Living Room Furniture|Dining Sets,0.4276|0.3986|0.3859,true,ambiguous_top2
B01E6ZY42O,"Zeagoo Women Lace Patchwork Off Shoulder Slim Bodycon Party Club Mini Dress, Black, XL",womens_clothing_dresses,Dresses,Products > Clothing > Women's Clothing > Dresses,clothing,Clothing,0.3932,womens_clothing_dresses|footwear_sneakers|womens_clothing_tops,Dresses|Sneakers|Women Tops,0.3932|0.3872|0.3742,true,ambiguous_top2
B07SG7BK6H,"CUK Stratos Micro Business Desktop (Liquid Cooled Intel Core i7-10700K, 32GB DDR4 RAM, 512GB NVMe SSD + 2TB HDD, 500W PSU, AC WiFi, Windows 11 Pro) Professional PC Computer",computers_desktops,Desktops,Products > Electronics > Computers > Desktops,electronics,Electronics,0.4369,computers_desktops|computers_laptops|computers_peripherals,Desktops|Laptops|Peripherals,0.4369|0.3694|0.2036,false,
B07DVLFK78,"Cooler Master MWE Gold 550 Full Modular 80+ Gold 550W Compact PSU with 120mm Silent Fan, Flat & Flexible Cables, 5 Year Warranty",computers_desktops,Desktops,Products > Electronics > Computers > Desktops,electronics,Electronics,0.2466,computers_desktops|toys_board_games_card_games|computers_laptops,Desktops|Card Games|Laptops,0.2466|0.1809|0.1701,true,low_confidence
B07CM8K7LP,"adidas Men's Standard Tiro 19 Pants, Power Red/White, X-Small",footwear_boots,Boots,Products > Clothing > Footwear > Boots,clothing,Clothing,0.3999,footwear_boots|footwear_sneakers|mens_clothing_jeans,Boots|Sneakers|Jeans,0.3999|0.3985|0.3581,true,ambiguous_top2
B01NARS6P5,SUKUTU Girls Cupcake Popcorn Egg Fruits Milk Box PU Crossbody Handbag Women Small Purse and Cell Phone Shoulder Bag,camping_gear_sleeping_bags,Sleeping Bags,Products > Outdoor Goods > Camping Gear > Sleeping Bags,outdoor_goods,Outdoor Goods,0.3013,camping_gear_sleeping_bags|toys_board_games_card_games|toys_action_figure_toys_anime,Sleeping Bags|Card Games|Anime Figures,0.3013|0.2711|0.2618,true,low_confidence|ambiguous_top2
B07M951GCQ,"8x10 Black Picture Frame, Photo Frames for Wall Tabletop Display, Ready to Hang, Home Decoration",home_goods_decor_wall,Wall Decor,Products > Home Goods > Home Decor > Wall Decor,home_goods,Home Goods,0.363,home_goods_decor_wall|home_goods_decor_wall_art|toys_action_figure_toys_statues,Wall Decor|Wall Art|Action Figure Statues,0.3630|0.3526|0.3264,true,ambiguous_top2
B071Z9MP85,"Party Bargains 2 Lb Aluminum Loaf Pan - (50 Pack) 8.5"" x 4.5"" x 2.5"" Heavy Duty Disposable Bread Pans - Perfect for Baking Homemade Cakes, Lasagna, Meatloaf & Food Serving",home_goods_kitchenware_bakeware,Bakeware,Products > Home Goods > Kitchenware > Bakeware,home_goods,Home Goods,0.3535,home_goods_kitchenware_bakeware|home_goods_kitchenware_cookware|camping_gear_stoves,Bakeware|Cookware|Camp Stoves,0.3535|0.3458|0.3043,true,ambiguous_top2
B0002YXAWO,NEOGEN RODENTICIDE 45-Pack Ramik Rat and Mouse Bait Pail,sports_equipment_fishing,Fishing,Products > Outdoor Goods > Outdoor Recreation > Fishing,outdoor_goods,Outdoor Goods,0.2649,sports_equipment_fishing|pet_food_treats|computers_peripherals,Fishing|Treats|Peripherals,0.2649|0.2463|0.2173,true,low_confidence|ambiguous_top2
B088GNGPPZ,"AIRSCALE Digital Bathroom Weight Scale for People, Battery-Free Updated U-Power Technology Highly Accurate Dynamic Body Weighing Scale Self-Generated Power,Large LCD Display,Wide Platform 400lbs Black",womens_clothing_activewear,Activewear,Products > Clothing > Women's Clothing > Activewear,clothing,Clothing,0.2066,womens_clothing_activewear|toys_action_figure_toys_anime|toys_action_figure_toys_movie_figures,Activewear|Anime Figures|Movie Figures,0.2066|0.1865|0.1792,true,low_confidence|ambiguous_top2
B082DTNLBJ,"tomtoc 360 Protective Laptop Shoulder Bag for 16-inch MacBook Pro 2021-2019 A2485, Water-resistant Case Sleeve for Dell XPS 15, Surface Book 3/2, The New Razer Blade 15, ThinkPad X1 Extreme Gen 2",computers_laptops,Laptops,Products > Electronics > Computers > Laptops,electronics,Electronics,0.3456,computers_laptops|smartphones_cases|camping_gear_sleeping_bags,Laptops|Phone Cases|Sleeping Bags,0.3456|0.3129|0.2894,true,low_confidence|ambiguous_top2
B0748H2XXX,"AUANDYU 2 X Spill Stopper Lid Cover And Spill Stopper, Boil Over Safeguard,Silicone Spill Stopper Pot Pan Lid Multi-Function Kitchen Tool (Green And Red)",home_goods_kitchenware_cookware,Cookware,Products > Home Goods > Kitchenware > Cookware,home_goods,Home Goods,0.3529,home_goods_kitchenware_cookware|home_goods_kitchenware_food_storage|home_goods_kitchenware_utensils,Cookware|Food Storage|Utensils,0.3529|0.2660|0.2561,false,
B00A7HDABW,"Life Extension Magnesium Caps 500 mg – Essential Mineral Blend For Cardiovascular & Whole-Body Health – Gluten-Free, Non-GMO, Vegetarian -100 Vegetarian Capsules",pet_health_vitamins,Pet Supplements,Products > Pet Products > Pet Health > Pet Supplements,pet_products,Pet Products,0.2333,pet_health_vitamins|pet_food_dry_food|skin_care_moisturizers,Pet Supplements|Dry Food|Moisturizers,0.2333|0.1866|0.1861,true,low_confidence|ambiguous_top2
B00HUS6XV0,"Fruit of the Loom Women's Cotton Brief Panties, Large / 7, Assorted, (Pack of 6)",kids_clothing_onesies,Baby Onesies,Products > Clothing > Kids Clothing > Baby Onesies,clothing,Clothing,0.3132,kids_clothing_onesies|womens_clothing_tops|womens_clothing_activewear,Baby Onesies|Women Tops|Activewear,0.3132|0.2863|0.2828,true,low_confidence|ambiguous_top2
B01M7RMBW3,"Carolina Football Fans. Keep Calm and Pound On Black Ladies V-Neck T-Shirt (Sm-2X) (V-Neck, Large)",mens_clothing_shirts,Shirts,Products > Clothing > Men's Clothing > Shirts,clothing,Clothing,0.3063,mens_clothing_shirts|womens_clothing_tops|mens_clothing_jeans,Shirts|Women Tops|Jeans,0.3063|0.2886|0.2733,true,low_confidence|ambiguous_top2
B004DTU810,"Spear Head Spade Gardening Shovel with Two Cushioned Grips, Fiberglass Handle with Carbon Manganese Steel Blade, Award Winning Spade, 58"" Long Handle, Yellow",hand_tools_hammers,Hammers,Products > Tools > Hand Tools > Hammers,tools,Tools,0.4063,hand_tools_hammers|power_tools_drills|hand_tools_screwdrivers,Hammers|Power Drills|Screwdrivers,0.4063|0.4026|0.3756,true,ambiguous_top2
B01M8NNHFP,"Subsonic SA5156 - Drive Pro Sport Racing Wheel for Playstation 4, PS4 Slim, PS4 Pro, Xbox One, Xbox One S and PS3",wheels_and_tires_tires,Tires,Products > Automotive Products > Automotive Wheels and Tires > Tires,automotive_products,Automotive Products,0.2981,wheels_and_tires_tires|wheels_and_tires_brakes|wheels_and_tires_rims,Tires|Wheel Brakes|Rims,0.2981|0.2960|0.2837,true,low_confidence|ambiguous_top2
B004MCHTXI,16 inch High by 96 inch Long Cornice Frame Kit. Do-It-Yourself All Wood!,home_goods_kitchenware_dining_sets,Dining Sets,Products > Home Goods > Kitchenware > Dining Sets,home_goods,Home Goods,0.3041,home_goods_kitchenware_dining_sets|home_goods_decor_vases|home_goods_furniture_bedroom,Dining Sets|Decorative Vases|Bedroom Furniture,0.3041|0.2651|0.2616,true,low_confidence|ambiguous_top2
B07Q3V58WH,uideazone Octopus Print UPF 50 Sun Sleeves Sunblock Cooler Protective Sports Running Cycling Basketball Fishing Long Arm Cover Sleeves Moisture Wicking,mens_clothing_outerwear,Outerwear,Products > Clothing > Men's Clothing > Outerwear,clothing,Clothing,0.3344,mens_clothing_outerwear|team_sports|outdoor_sports,Outerwear|Outdoor Team Sports|Adventure Sports,0.3344|0.3202|0.3093,true,low_confidence|ambiguous_top2
B004U3Y8NI,"Nature Made Vitamin D3, 220 Tablets, Vitamin D 2000 IU (50 mcg) Helps Support Immune Health, Strong Bones and Teeth, & Muscle Function, 250% of Daily Value for Vitamin D in One Daily Tablet",pet_health_vitamins,Pet Supplements,Products > Pet Products > Pet Health > Pet Supplements,pet_products,Pet Products,0.3094,pet_health_vitamins|pet_food_dry_food|computers_peripherals,Pet Supplements|Dry Food|Peripherals,0.3094|0.1844|0.1376,true,low_confidence
B098JZ16QC,"YILINM 50Feet Outdoor String Lights G40 Globe Patio Lights with 25 Shatterproof Bulbs(1 Spare), LED String Lights Commercial Grade Waterproof Backyard Lights for Outside Porch, Bistro",camping_gear_tents,Tents,Products > Outdoor Goods > Camping Gear > Tents,outdoor_goods,Outdoor Goods,0.2252,camping_gear_tents|home_goods_decor_candles|sports_equipment_fishing,Tents|Decorative Home Candles|Fishing,0.2252|0.1997|0.1906,true,low_confidence|ambiguous_top2
B01LRMEQYU,LavaLock Black Food Safe BBQ Adhesive 3 oz Grill Smoker High Temp RTV Silicon,home_goods_kitchenware_cookware,Cookware,Products > Home Goods > Kitchenware > Cookware,home_goods,Home Goods,0.2446,home_goods_kitchenware_cookware|camping_gear_stoves|home_goods_kitchenware_bakeware,Cookware|Camp Stoves|Bakeware,0.2446|0.1661|0.1650,true,low_confidence
B07BPVKK5H,"Manual Frozen Meat Slicer, befen Stainless Steel Meat Cutter Beef Mutton Roll Food Slicer Slicing Machine for Home Cooking of Hot Pot Shabu Shabu Korean BBQ",home_goods_kitchenware_utensils,Utensils,Products > Home Goods > Kitchenware > Utensils,home_goods,Home Goods,0.3171,home_goods_kitchenware_utensils|home_goods_kitchenware_cutlery|pet_food_wet_food,Utensils|Cutlery|Wet Food,0.3171|0.2548|0.2495,true,low_confidence
B07YDDKTYR,"Hocent Smart Watch, Smartwatch with SD Card Camera Pedometer Phone Call Text SNS SMS Sync SIM Card Slot Music Player Alarm Compatible with Android and iPhone (Partial Functions) for Men Women Teens",accessories_watches,Dress Watches,Products > Clothing > Fashion Accessories > Dress Watches,clothing,Clothing,0.4314,accessories_watches|smartphones_screen_protectors|televisions_streaming_devices,Dress Watches|Screen Protectors|Streaming Devices,0.4314|0.2837|0.2566,false,
B0877335N5,"Bestidy Best Gift Electric Nail Drill Kit, USB Manicure Pen Sander Polisher With 6 Pieces Changeable Drills And Sand Bands for Exfoliating, Polishing, Nail Removing, Acrylic Nail Tools (C-purple)",power_tools_drills,Power Drills,Products > Tools > Power Tools > Power Drills,tools,Tools,0.4951,power_tools_drills|power_tools_grinders|hand_tools_screwdrivers,Power Drills|Grinding Tools|Screwdrivers,0.4951|0.4091|0.4030,false,
B00RPRRNM4,Set of 3 Solar Powered Optic Wings Angel Color Changing Yard LED Outdoor Landscape Light(no Electric Cost),home_goods_decor_lighting,Decorative Lighting,Products > Home Goods > Home Decor > Decorative Lighting,home_goods,Home Goods,0.3565,home_goods_decor_lighting|camping_gear_tents|home_goods_decor_candles,Decorative Lighting|Tents|Decorative Home Candles,0.3565|0.2913|0.2728,false,
B085VR517S,Travan Printed Sofa Cover Stretch Sofa Slipcover Spandex Couch Cover Stylish Couch Furniture Protector for 4 Cushion Couch with Two Free Pillowcases,home_goods_furniture_outdoor,Outdoor Furniture,Products > Home Goods > Furniture > Outdoor Furniture,home_goods,Home Goods,0.3091,home_goods_furniture_outdoor|footwear_boots|home_goods_furniture_living_room,Outdoor Furniture|Boots|Living Room Furniture,0.3091|0.2932|0.2886,true,low_confidence|ambiguous_top2
